date,DAH,treatment,tunnel,fruit_weight(g),fruit no.,basket_weight(g),verde (g),deforme (g),scarto (g),oidio (g),,notes
20/05/2025,0,shaded,,37.82,5,189.1,,,,,,"raccolta da pintarelli, no ripetizioni solo due platò. Il peso corrisponde al peso di un cestino di frutta"
20/05/2025,0,shaded,,40.00,5,200,,,,,,
20/05/2025,0,shaded,,28.24,10,282.4,,,,,,
20/05/2025,0,shaded,,43.14,7,302,,,,,,
20/05/2025,0,shaded,,37.06,7,259.4,,,,,,
20/05/2025,0,shaded,,38.50,7,269.5,,,,,,
20/05/2025,0,shaded,,38.33,8,306.6,,,,,,
20/05/2025,0,shaded,,40.32,6,241.9,,,,,,
20/05/2025,0,control,,48.34,5,241.7,,,,,,
20/05/2025,0,control,,45.60,5,228,,,,,,
20/05/2025,0,control,,46.84,5,234.2,,,,,,
20/05/2025,0,control,,42.63,7,298.4,,,,,,
20/05/2025,0,control,,42.07,6,252.4,,,,,,
20/05/2025,0,control,,41.82,6,250.9,,,,,,
20/05/2025,0,control,,37.21,8,297.7,,,,,,
20/05/2025,0,control,,45.88,5,229.4,,,,,,
23/05/2025,3,shaded,S1,37.00,1,,,,,,,+3gg
23/05/2025,3,shaded,S1,36.70,1,,,,,,,
23/05/2025,3,shaded,S1,40.70,1,,,,,,,
23/05/2025,3,shaded,S1,32.60,1,,,,,,,
23/05/2025,3,shaded,S1,37.60,1,,,,,,,
23/05/2025,3,shaded,S1,30.90,1,,,,,,,
23/05/2025,3,shaded,S1,19.60,1,,,,,,,
23/05/2025,3,shaded,S1,29.70,1,,,,,,,
23/05/2025,3,shaded,S1,17.50,1,,,,,,,
23/05/2025,3,shaded,S1,23.70,1,,,,,,,
23/05/2025,3,shaded,S1,41.20,1,,,,,,,
23/05/2025,3,shaded,S1,38.50,1,,,,,,,
23/05/2025,3,shaded,S1,30.20,1,,,,,,,
23/05/2025,3,shaded,S1,47.00,1,,,,,,,
23/05/2025,3,shaded,S1,40.80,1,,,,,,,
23/05/2025,3,shaded,S1,34.50,1,,,,,,,
23/05/2025,3,shaded,S1,35.60,1,,,,,,,
23/05/2025,3,shaded,S1,42.80,1,,,,,,,
23/05/2025,3,shaded,S1,48.80,1,,,,,,,
23/05/2025,3,shaded,S1,32.70,1,,,,,,,
23/05/2025,3,shaded,S1,40.90,1,,,,,,,
23/05/2025,3,shaded,S1,39.60,1,,,,,,,
23/05/2025,3,shaded,S1,29.90,1,,,,,,,
23/05/2025,3,shaded,S1,40.20,1,,,,,,,
23/05/2025,3,shaded,S1,34.80,1,,,,,,,
23/05/2025,3,shaded,S1,32.90,1,,,,,,,
23/05/2025,3,shaded,S1,22.50,1,,,,,,,
23/05/2025,3,shaded,S2,56.00,1,,,,,,,
23/05/2025,3,shaded,S2,43.60,1,,,,,,,
23/05/2025,3,shaded,S2,48.60,1,,,,,,,
23/05/2025,3,shaded,S2,42.40,1,,,,,,,
23/05/2025,3,shaded,S2,40.30,1,,,,,,,
23/05/2025,3,shaded,S2,23.20,1,,,,,,,
23/05/2025,3,shaded,S2,51.40,1,,,,,,,
23/05/2025,3,shaded,S2,35.80,1,,,,,,,
23/05/2025,3,shaded,S2,36.90,1,,,,,,,
23/05/2025,3,shaded,S2,26.30,1,,,,,,,
23/05/2025,3,shaded,S2,49.60,1,,,,,,,
23/05/2025,3,shaded,S2,42.70,1,,,,,,,
23/05/2025,3,shaded,S2,50.40,1,,,,,,,
23/05/2025,3,shaded,S2,26.30,1,,,,,,,
23/05/2025,3,shaded,S2,51.40,1,,,,,,,
23/05/2025,3,shaded,S2,36.90,1,,,,,,,
23/05/2025,3,shaded,S2,35.80,1,,,,,,,
23/05/2025,3,shaded,S2,38.60,1,,,,,,,
23/05/2025,3,shaded,S2,42.80,1,,,,,,,
23/05/2025,3,shaded,S2,49.20,1,,,,,,,
23/05/2025,3,shaded,S2,22.10,1,,,,,,,
23/05/2025,3,shaded,S2,45.20,1,,,,,,,
23/05/2025,3,shaded,S2,44.00,1,,,,,,,
23/05/2025,3,shaded,S2,41.00,1,,,,,,,
23/05/2025,3,shaded,S2,53.50,1,,,,,,,
23/05/2025,3,shaded,S2,42.80,1,,,,,,,
23/05/2025,3,shaded,S2,34.00,1,,,,,,,
23/05/2025,3,shaded,S3,49.40,1,,,,,,,
23/05/2025,3,shaded,S3,23.30,1,,,,,,,
23/05/2025,3,shaded,S3,45.40,1,,,,,,,
23/05/2025,3,shaded,S3,37.30,1,,,,,,,
23/05/2025,3,shaded,S3,49.00,1,,,,,,,
23/05/2025,3,shaded,S3,39.90,1,,,,,,,
23/05/2025,3,shaded,S3,45.10,1,,,,,,,
23/05/2025,3,shaded,S3,55.90,1,,,,,,,
23/05/2025,3,shaded,S3,47.80,1,,,,,,,
23/05/2025,3,shaded,S3,27.50,1,,,,,,,
23/05/2025,3,shaded,S3,61.10,1,,,,,,,
23/05/2025,3,shaded,S3,44.40,1,,,,,,,
23/05/2025,3,shaded,S3,43.00,1,,,,,,,
23/05/2025,3,shaded,S3,44.30,1,,,,,,,
23/05/2025,3,shaded,S3,21.90,1,,,,,,,
23/05/2025,3,shaded,S3,19.70,1,,,,,,,
23/05/2025,3,shaded,S3,54.30,1,,,,,,,
23/05/2025,3,shaded,S3,53.10,1,,,,,,,
23/05/2025,3,shaded,S3,42.90,1,,,,,,,
23/05/2025,3,shaded,S3,41.80,1,,,,,,,
23/05/2025,3,control,C1,49.70,1,,,,,,,
23/05/2025,3,control,C1,33.20,1,,,,,,,
23/05/2025,3,control,C1,35.60,1,,,,,,,
23/05/2025,3,control,C1,21.60,1,,,,,,,
23/05/2025,3,control,C1,43.60,1,,,,,,,
23/05/2025,3,control,C1,20.20,1,,,,,,,
23/05/2025,3,control,C1,41.10,1,,,,,,,
23/05/2025,3,control,C1,27.40,1,,,,,,,
23/05/2025,3,control,C1,41.40,1,,,,,,,
23/05/2025,3,control,C1,34.20,1,,,,,,,
23/05/2025,3,control,C1,43.60,1,,,,,,,
23/05/2025,3,control,C1,24.30,1,,,,,,,
23/05/2025,3,control,C1,30.40,1,,,,,,,
23/05/2025,3,control,C1,51.90,1,,,,,,,
23/05/2025,3,control,C1,38.80,1,,,,,,,
23/05/2025,3,control,C1,33.60,1,,,,,,,
23/05/2025,3,control,C1,23.50,1,,,,,,,
23/05/2025,3,control,C1,39.20,1,,,,,,,
23/05/2025,3,control,C1,32.20,1,,,,,,,
23/05/2025,3,control,C1,47.70,1,,,,,,,
23/05/2025,3,control,C1,28.80,1,,,,,,,
23/05/2025,3,control,C1,33.80,1,,,,,,,
23/05/2025,3,control,C1,26.80,1,,,,,,,
23/05/2025,3,control,C1,28.70,1,,,,,,,
23/05/2025,3,control,C1,44.70,1,,,,,,,
23/05/2025,3,control,C1,21.60,1,,,,,,,
23/05/2025,3,control,C1,21.70,1,,,,,,,
23/05/2025,3,control,C1,45.10,1,,,,,,,
23/05/2025,3,control,C1,36.10,1,,,,,,,
23/05/2025,3,control,C1,21.80,1,,,,,,,
23/05/2025,3,control,C2,39.60,1,,,,,,,
23/05/2025,3,control,C2,37.30,1,,,,,,,
23/05/2025,3,control,C2,37.80,1,,,,,,,
23/05/2025,3,control,C2,45.80,1,,,,,,,
23/05/2025,3,control,C2,39.10,1,,,,,,,
23/05/2025,3,control,C2,47.40,1,,,,,,,
23/05/2025,3,control,C2,41.40,1,,,,,,,
23/05/2025,3,control,C2,40.40,1,,,,,,,
23/05/2025,3,control,C2,19.30,1,,,,,,,
23/05/2025,3,control,C2,14.90,1,,,,,,,
23/05/2025,3,control,C2,38.50,1,,,,,,,
23/05/2025,3,control,C2,6.40,1,,,,,,,
23/05/2025,3,control,C2,19.90,1,,,,,,,
23/05/2025,3,control,C2,31.90,1,,,,,,,
23/05/2025,3,control,C2,14.30,1,,,,,,,
23/05/2025,3,control,C2,49.20,1,,,,,,,
23/05/2025,3,control,C2,8.70,1,,,,,,,
23/05/2025,3,control,C2,38.60,1,,,,,,,
23/05/2025,3,control,C2,8.20,1,,,,,,,
23/05/2025,3,control,C2,30.80,1,,,,,,,
23/05/2025,3,control,C2,33.60,1,,,,,,,
23/05/2025,3,control,C2,15.80,1,,,,,,,
23/05/2025,3,control,C2,23.40,1,,,,,,,
23/05/2025,3,control,C2,32.90,1,,,,,,,
23/05/2025,3,control,C2,28.20,1,,,,,,,
23/05/2025,3,control,C2,35.40,1,,,,,,,
23/05/2025,3,control,C2,36.00,1,,,,,,,
23/05/2025,3,control,C2,46.10,1,,,,,,,
23/05/2025,3,control,C2,44.10,1,,,,,,,
23/05/2025,3,control,C2,31.80,1,,,,,,,
23/05/2025,3,control,C2,41.30,1,,,,,,,
23/05/2025,3,control,C2,41.30,1,,,,,,,
23/05/2025,3,control,C2,40.40,1,,,,,,,
23/05/2025,3,control,C2,44.10,1,,,,,,,
23/05/2025,3,control,C2,30.90,1,,,,,,,
23/05/2025,3,control,C2,40.00,1,,,,,,,
23/05/2025,3,control,C2,41.70,1,,,,,,,
23/05/2025,3,control,C2,25.10,1,,,,,,,
23/05/2025,3,control,C2,29.40,1,,,,,,,
23/05/2025,3,control,C2,57.30,1,,,,,,,
23/05/2025,3,control,C2,49.30,1,,,,,,,
23/05/2025,3,control,C2,37.90,1,,,,,,,
23/05/2025,3,control,C2,53.10,1,,,,,,,
23/05/2025,3,control,C2,13.10,1,,,,,,,
23/05/2025,3,control,C3,44.10,1,,,,,,,
23/05/2025,3,control,C3,43.80,1,,,,,,,
23/05/2025,3,control,C3,27.80,1,,,,,,,
23/05/2025,3,control,C3,46.00,1,,,,,,,
23/05/2025,3,control,C3,47.20,1,,,,,,,
23/05/2025,3,control,C3,33.50,1,,,,,,,
23/05/2025,3,control,C3,38.50,1,,,,,,,
23/05/2025,3,control,C3,37.80,1,,,,,,,
23/05/2025,3,control,C3,35.00,1,,,,,,,
23/05/2025,3,control,C3,39.20,1,,,,,,,
23/05/2025,3,control,C3,39.90,1,,,,,,,
23/05/2025,3,control,C3,43.20,1,,,,,,,
23/05/2025,3,control,C3,44.20,1,,,,,,,
23/05/2025,3,control,C3,47.20,1,,,,,,,
23/05/2025,3,control,C3,38.70,1,,,,,,,
23/05/2025,3,control,C3,37.80,1,,,,,,,
23/05/2025,3,control,C3,24.40,1,,,,,,,
23/05/2025,3,control,C3,36.10,1,,,,,,,
23/05/2025,3,control,C3,34.60,1,,,,,,,
23/05/2025,3,control,C3,42.20,1,,,,,,,
23/05/2025,3,control,C3,54.40,1,,,,,,,
23/05/2025,3,control,C3,31.80,1,,,,,,,
23/05/2025,3,control,C3,35.60,1,,,,,,,
23/05/2025,3,control,C3,30.60,1,,,,,,,
23/05/2025,3,control,C3,57.20,1,,,,,,,
23/05/2025,3,control,C3,28.30,1,,,,,,,
23/05/2025,3,control,C3,28.20,1,,,,,,,
23/05/2025,3,control,C3,50.70,1,,,,,,,
23/05/2025,3,control,C3,34.50,1,,,,,,,
23/05/2025,3,control,C3,33.20,1,,,,,,,
23/05/2025,3,control,C3,50.60,1,,,,,,,
23/05/2025,3,control,C3,34.20,1,,,,,,,
23/05/2025,3,control,C3,37.90,1,,,,,,,
23/05/2025,3,control,C3,55.80,1,,,,,,,
23/05/2025,3,control,C3,15.40,1,,,,,,,
23/05/2025,3,control,C3,34.20,1,,,,,,,
23/05/2025,3,control,C3,34.10,1,,,,,,,
23/05/2025,3,control,C3,32.50,1,,,,,,,
23/05/2025,3,control,C3,45.50,1,,,,,,,
23/05/2025,3,control,C3,42.50,1,,,,,,,
23/05/2025,3,control,C3,40.80,1,,,,,,,
23/05/2025,3,control,C3,41.70,1,,,,,,,
23/05/2025,3,control,C3,45.50,1,,,,,,,
27/05/2025,3,shaded,S1,22.60,1,,,,,,,+1gg
27/05/2025,7,shaded,S1,22.40,1,,,,,,,
27/05/2025,7,shaded,S1,24.70,1,,,,,,,
27/05/2025,7,shaded,S1,20.20,1,,,,,,,
27/05/2025,7,shaded,S1,40.80,1,,,,,,,
27/05/2025,7,shaded,S1,36.50,1,,,,,,,
27/05/2025,7,shaded,S1,19.70,1,,,,,,,
27/05/2025,7,shaded,S1,34.80,1,,,,,,,
27/05/2025,7,shaded,S1,25.10,1,,,,,,,
27/05/2025,7,shaded,S1,22.00,1,,,,,,,
27/05/2025,7,shaded,S1,23.40,1,,,,,,,
27/05/2025,7,shaded,S1,28.50,1,,,,,,,
27/05/2025,7,shaded,S1,22.60,1,,,,,,,
27/05/2025,7,shaded,S1,21.10,1,,,,,,,
27/05/2025,7,shaded,S1,33.70,1,,,,,,,
27/05/2025,7,shaded,S1,17.20,1,,,,,,,
27/05/2025,7,shaded,S1,40.70,1,,,,,,,
27/05/2025,7,shaded,S1,39.20,1,,,,,,,
27/05/2025,7,shaded,S1,21.80,1,,,,,,,
27/05/2025,7,shaded,S1,46.20,1,,,,,,,
27/05/2025,7,shaded,S1,26.10,1,,,,,,,
27/05/2025,7,shaded,S1,28.80,1,,,,,,,
27/05/2025,7,shaded,S1,17.40,1,,,,,,,
27/05/2025,7,shaded,S1,34.90,1,,,,,,,
27/05/2025,7,shaded,S1,16.90,1,,,,,,,
27/05/2025,7,shaded,S1,40.50,1,,,,,,,
27/05/2025,7,shaded,S1,29.30,1,,,,,,,
27/05/2025,7,shaded,S1,43.20,1,,,,,,,
27/05/2025,7,shaded,S1,50.50,1,,,,,,,
27/05/2025,7,shaded,S1,24.50,1,,,,,,,
27/05/2025,7,shaded,S1,41.90,1,,,,,,,
27/05/2025,7,shaded,S1,36.60,1,,,,,,,
27/05/2025,7,shaded,S1,37.20,1,,,,,,,
27/05/2025,7,shaded,S1,40.70,1,,,,,,,
27/05/2025,7,shaded,S1,33.50,1,,,,,,,
27/05/2025,7,shaded,S1,39.00,1,,,,,,,
27/05/2025,7,shaded,S1,22.40,1,,,,,,,
27/05/2025,7,shaded,S1,20.90,1,,,,,,,
27/05/2025,7,shaded,S1,47.50,1,,,,,,,
27/05/2025,7,shaded,S1,43.60,1,,,,,,,
27/05/2025,7,shaded,S1,37.10,1,,,,,,,
27/05/2025,7,shaded,S1,35.10,1,,,,,,,
27/05/2025,7,shaded,S1,20.40,1,,,,,,,
27/05/2025,7,shaded,S1,54.70,1,,,,,,,
27/05/2025,7,shaded,S1,62.30,1,,,,,,,
27/05/2025,7,shaded,S1,52.00,1,,,,,,,
27/05/2025,7,shaded,S1,17.20,1,,,,,,,
27/05/2025,7,shaded,S1,22.30,1,,,,,,,
27/05/2025,7,shaded,S1,50.10,1,,,,,,,
27/05/2025,7,shaded,S1,44.70,1,,,,,,,
27/05/2025,7,shaded,S1,23.50,1,,,,,,,
27/05/2025,7,shaded,S1,33.50,1,,,,,,,
27/05/2025,7,shaded,S1,49.00,1,,,,,,,
27/05/2025,7,shaded,S1,44.20,1,,,,,,,
27/05/2025,7,shaded,S1,45.30,1,,,,,,,
27/05/2025,7,shaded,S1,39.00,1,,,,,,,
27/05/2025,7,shaded,S1,33.70,1,,,,,,,
27/05/2025,7,shaded,S1,13.80,1,,,,,,,
27/05/2025,7,shaded,S1,25.70,1,,,,,,,
27/05/2025,7,shaded,S1,19.60,1,,,,,,,
27/05/2025,7,shaded,S1,33.20,1,,,,,,,
27/05/2025,7,shaded,S1,37.50,1,,,,,,,
27/05/2025,7,shaded,S1,43.30,1,,,,,,,
27/05/2025,7,shaded,S1,23.00,1,,,,,,,
27/05/2025,7,shaded,S1,34.00,1,,,,,,,
27/05/2025,7,shaded,S1,36.60,1,,,,,,,
27/05/2025,7,shaded,S1,35.10,1,,,,,,,
27/05/2025,7,shaded,S1,23.20,1,,,,,,,
27/05/2025,7,shaded,S1,33.90,1,,,,,,,
27/05/2025,7,shaded,S1,23.10,1,,,,,,,
27/05/2025,7,shaded,S2,28.50,1,,,,,,,
27/05/2025,7,shaded,S2,23.00,1,,,,,,,
27/05/2025,7,shaded,S2,20.40,1,,,,,,,
27/05/2025,7,shaded,S2,41.10,1,,,,,,,
27/05/2025,7,shaded,S2,27.90,1,,,,,,,
27/05/2025,7,shaded,S2,21.90,1,,,,,,,
27/05/2025,7,shaded,S2,29.60,1,,,,,,,
27/05/2025,7,shaded,S2,21.30,1,,,,,,,
27/05/2025,7,shaded,S2,40.00,1,,,,,,,
27/05/2025,7,shaded,S2,49.60,1,,,,,,,
27/05/2025,7,shaded,S2,46.80,1,,,,,,,
27/05/2025,7,shaded,S2,41.50,1,,,,,,,
27/05/2025,7,shaded,S2,22.00,1,,,,,,,
27/05/2025,7,shaded,S2,22.70,1,,,,,,,
27/05/2025,7,shaded,S2,20.60,1,,,,,,,
27/05/2025,7,shaded,S2,24.20,1,,,,,,,
27/05/2025,7,shaded,S2,31.60,1,,,,,,,
27/05/2025,7,shaded,S2,35.10,1,,,,,,,
27/05/2025,7,shaded,S2,26.00,1,,,,,,,
27/05/2025,7,shaded,S2,26.10,1,,,,,,,
27/05/2025,7,shaded,S2,27.10,1,,,,,,,
27/05/2025,7,shaded,S2,31.90,1,,,,,,,
27/05/2025,7,shaded,S2,30.50,1,,,,,,,
27/05/2025,7,shaded,S2,9.50,1,,9.5,,,,,frutto verde
27/05/2025,7,shaded,S2,29.20,1,,,,,,,
27/05/2025,7,shaded,S2,27.00,1,,,,,,,
27/05/2025,7,shaded,S2,29.20,1,,,,,,,
27/05/2025,7,shaded,S2,25.80,1,,,,,,,
27/05/2025,7,shaded,S2,37.70,1,,,,,,,
27/05/2025,7,shaded,S2,41.60,1,,,,,,,
27/05/2025,7,shaded,S2,24.20,1,,,,,,,
27/05/2025,7,shaded,S2,25.10,1,,,,,,,
27/05/2025,7,shaded,S2,24.70,1,,,,,,,
27/05/2025,7,shaded,S2,42.60,1,,,,,,,
27/05/2025,7,shaded,S2,51.20,1,,,,,,,
27/05/2025,7,shaded,S2,38.40,1,,,,,,,
27/05/2025,7,shaded,S2,22.30,1,,,,,,,
27/05/2025,7,shaded,S2,45.50,1,,,,,,,
27/05/2025,7,shaded,S2,18.20,1,,,,,,,
27/05/2025,7,shaded,S2,21.90,1,,,,,,,
27/05/2025,7,shaded,S2,29.20,1,,,,,,,
27/05/2025,7,shaded,S2,23.80,1,,,,,,,
27/05/2025,7,shaded,S2,36.50,1,,,,,,,
27/05/2025,7,shaded,S2,49.30,1,,,,,,,
27/05/2025,7,shaded,S2,27.10,1,,,,,,,
27/05/2025,7,shaded,S2,40.00,1,,,,,,,
27/05/2025,7,shaded,S2,24.50,1,,,,,,,
27/05/2025,7,shaded,S2,28.90,1,,,,,,,
27/05/2025,7,shaded,S2,27.90,1,,,,,,,
27/05/2025,7,shaded,S2,24.40,1,,,,,,,
27/05/2025,7,shaded,S2,43.60,1,,,,,,,
27/05/2025,7,shaded,S2,28.40,1,,,,,,,
27/05/2025,7,shaded,S2,21.20,1,,,,,,,
27/05/2025,7,shaded,S2,22.60,1,,,,,,,
27/05/2025,7,shaded,S2,51.50,1,,,,,,,
27/05/2025,7,shaded,S2,44.90,1,,,,,,,
27/05/2025,7,shaded,S2,23.80,1,,,,,,,
27/05/2025,7,shaded,S2,46.50,1,,,,,,,
27/05/2025,7,shaded,S2,24.80,1,,,,,,,
27/05/2025,7,shaded,S2,38.90,1,,,,,,,
27/05/2025,7,shaded,S2,37.50,1,,,,,,,
27/05/2025,7,shaded,S2,40.10,1,,,,,,,
27/05/2025,7,shaded,S2,25.60,1,,,,,,,
27/05/2025,7,shaded,S2,23.90,1,,,,,,,
27/05/2025,7,shaded,S3,42.10,1,,,,,,,
27/05/2025,7,shaded,S3,54.80,1,,,,,,,
27/05/2025,7,shaded,S3,26.00,1,,,,,,,
27/05/2025,7,shaded,S3,23.00,1,,,,,,,
27/05/2025,7,shaded,S3,46.70,1,,,,,,,
27/05/2025,7,shaded,S3,30.50,1,,,,,,,
27/05/2025,7,shaded,S3,27.00,1,,,,,,,
27/05/2025,7,shaded,S3,47.00,1,,,,,,,
27/05/2025,7,shaded,S3,29.40,1,,,,,,,
27/05/2025,7,shaded,S3,22.60,1,,,,,,,
27/05/2025,7,shaded,S3,33.80,1,,,,,,,
27/05/2025,7,shaded,S3,27.10,1,,,,,,,
27/05/2025,7,shaded,S3,42.20,1,,,,,,,
27/05/2025,7,shaded,S3,18.50,1,,,,,,,
27/05/2025,7,shaded,S3,29.30,1,,,,,,,
27/05/2025,7,shaded,S3,17.80,1,,,,,,,
27/05/2025,7,shaded,S3,33.30,1,,,,,,,
27/05/2025,7,shaded,S3,29.00,1,,,,,,,
27/05/2025,7,shaded,S3,15.20,1,,,,,,,
27/05/2025,7,shaded,S3,19.10,1,,,,,,,
27/05/2025,7,shaded,S3,50.50,1,,,,,,,
27/05/2025,7,shaded,S3,21.10,1,,,,,,,
27/05/2025,7,shaded,S3,44.30,1,,,,,,,
27/05/2025,7,shaded,S3,31.50,1,,,,,,,
27/05/2025,7,shaded,S3,34.30,1,,,,,,,
27/05/2025,7,shaded,S3,45.40,1,,,,,,,
27/05/2025,7,shaded,S3,44.30,1,,,,,,,
27/05/2025,7,shaded,S3,21.80,1,,,,,,,
27/05/2025,7,shaded,S3,24.80,1,,,,,,,
27/05/2025,7,shaded,S3,24.80,1,,,,,,,
27/05/2025,7,shaded,S3,44.50,1,,,,,,,
27/05/2025,7,shaded,S3,47.30,1,,,,,,,
27/05/2025,7,shaded,S3,48.10,1,,,,,,,
27/05/2025,7,shaded,S3,24.30,1,,,,,,,
27/05/2025,7,shaded,S3,26.70,1,,,,,,,
27/05/2025,7,shaded,S3,25.50,1,,,,,,,
27/05/2025,7,shaded,S3,27.00,1,,,,,,,
27/05/2025,7,shaded,S3,25.80,1,,,,,,,
27/05/2025,7,shaded,S3,20.60,1,,,,,,,
27/05/2025,7,shaded,S3,30.60,1,,,,,,,
27/05/2025,7,shaded,S3,29.00,1,,,,,,,
27/05/2025,7,shaded,S3,60.60,1,,,,,,,
27/05/2025,7,shaded,S3,55.00,1,,,,,,,
27/05/2025,7,shaded,S3,32.50,1,,,,,,,
27/05/2025,7,shaded,S3,39.00,1,,,,,,,
27/05/2025,7,shaded,S3,50.70,1,,,,,,,
27/05/2025,7,shaded,S3,35.40,1,,,,,,,
27/05/2025,7,shaded,S3,48.00,1,,,,,,,
27/05/2025,7,shaded,S3,59.80,1,,,,,,,
27/05/2025,7,shaded,S3,36.30,1,,,,,,,
27/05/2025,7,shaded,S3,20.70,1,,,,20.7,,,botrytis spot
27/05/2025,7,control,C1,22.40,1,,,,,,,
27/05/2025,7,control,C1,23.60,1,,,,,,,
27/05/2025,7,control,C1,28.60,1,,,,,,,
27/05/2025,7,control,C1,33.60,1,,,,,,,
27/05/2025,7,control,C1,18.30,1,,,,,,,
27/05/2025,7,control,C1,23.00,1,,,,,,,
27/05/2025,7,control,C1,19.30,1,,,,,,,
27/05/2025,7,control,C1,18.30,1,,,,,,,
27/05/2025,7,control,C1,14.20,1,,,,,,,
27/05/2025,7,control,C1,18.00,1,,,,,,,
27/05/2025,7,control,C1,17.30,1,,,,,,,
27/05/2025,7,control,C1,12.60,1,,,,,,,
27/05/2025,7,control,C1,19.20,1,,,,,,,
27/05/2025,7,control,C1,38.70,1,,,,,,,
27/05/2025,7,control,C1,25.30,1,,,,,,,
27/05/2025,7,control,C1,33.30,1,,,,,,,
27/05/2025,7,control,C1,35.30,1,,,,,,,
27/05/2025,7,control,C1,19.40,1,,,,,,,
27/05/2025,7,control,C1,23.10,1,,,,,,,
27/05/2025,7,control,C1,16.40,1,,,,,,,
27/05/2025,7,control,C1,35.30,1,,,,,,,
27/05/2025,7,control,C1,37.90,1,,,,,,,
27/05/2025,7,control,C1,26.10,1,,,,,,,
27/05/2025,7,control,C1,29.80,1,,,,,,,
27/05/2025,7,control,C1,40.60,1,,,,,,,
27/05/2025,7,control,C1,20.20,1,,,,,,,
27/05/2025,7,control,C1,45.20,1,,,,,,,
27/05/2025,7,control,C1,31.30,1,,,,,,,
27/05/2025,7,control,C1,20.80,1,,,,,,,
27/05/2025,7,control,C1,33.30,1,,,,,,,
27/05/2025,7,control,C1,21.20,1,,,,,,,
27/05/2025,7,control,C1,20.80,1,,,,,,,
27/05/2025,7,control,C1,30.40,1,,,,,,,
27/05/2025,7,control,C1,23.70,1,,,,,,,
27/05/2025,7,control,C1,45.10,1,,,,,,,
27/05/2025,7,control,C1,31.60,1,,,,,,,
27/05/2025,7,control,C1,18.90,1,,,,,,,
27/05/2025,7,control,C1,42.10,1,,,,,,,
27/05/2025,7,control,C1,12.80,1,,,,,,,
27/05/2025,7,control,C1,21.20,1,,,,,,,
27/05/2025,7,control,C1,33.20,1,,,,,,,
27/05/2025,7,control,C1,20.30,1,,,,,,,
27/05/2025,7,control,C1,34.50,1,,,,,,,
27/05/2025,7,control,C1,46.40,1,,,,,,,
27/05/2025,7,control,C1,34.90,1,,,,,,,
27/05/2025,7,control,C1,33.60,1,,,,,,,
27/05/2025,7,control,C1,37.20,1,,,,,,,
27/05/2025,7,control,C1,21.60,1,,,,,,,
27/05/2025,7,control,C1,45.30,1,,,,,,,
27/05/2025,7,control,C1,20.60,1,,,,,,,
27/05/2025,7,control,C1,37.30,1,,,,,,,
27/05/2025,7,control,C1,41.60,1,,,,,,,
27/05/2025,7,control,C1,21.50,1,,,,,,,
27/05/2025,7,control,C1,27.00,1,,,,,,,
27/05/2025,7,control,C1,21.70,1,,,,,,,
27/05/2025,7,control,C1,23.40,1,,,,,,,
27/05/2025,7,control,C1,36.90,1,,,,,,,
27/05/2025,7,control,C1,23.80,1,,,,,,,
27/05/2025,7,control,C1,28.90,1,,,,,,,
27/05/2025,7,control,C1,29.30,1,,,,,,,
27/05/2025,7,control,C1,24.90,1,,,,,,,
27/05/2025,7,control,C1,19.20,1,,,,,,,
27/05/2025,7,control,C1,20.50,1,,,,,,,
27/05/2025,7,control,C1,34.90,1,,,,,,,
27/05/2025,7,control,C1,20.10,1,,,,,,,
27/05/2025,7,control,C1,25.70,1,,,,,,,
27/05/2025,7,control,C1,19.70,1,,,,,,,
27/05/2025,7,control,C1,21.90,1,,,,,,,
27/05/2025,7,control,C1,26.50,1,,,,,,,
27/05/2025,7,control,C1,26.80,1,,,,,,,
27/05/2025,7,control,C1,22.80,1,,,,,,,
27/05/2025,7,control,C1,20.90,1,,,,,,,
27/05/2025,7,control,C1,20.90,1,,,,,,,
27/05/2025,7,control,C1,42.30,1,,,,,,,
27/05/2025,7,control,C1,32.40,1,,,,,,,
27/05/2025,7,control,C1,30.40,1,,,,,,,
27/05/2025,7,control,C1,21.10,1,,,,,,,
27/05/2025,7,control,C1,21.30,1,,,,,,,
27/05/2025,7,control,C2,24.30,1,,,,,,,
27/05/2025,7,control,C2,43.60,1,,,,,,,
27/05/2025,7,control,C2,36.50,1,,,,,,,
27/05/2025,7,control,C2,34.60,1,,,,,,,
27/05/2025,7,control,C2,30.90,1,,,,,,,
27/05/2025,7,control,C2,12.60,1,,,,,,,
27/05/2025,7,control,C2,57.20,1,,,,,,,
27/05/2025,7,control,C2,17.30,1,,,,,,,
27/05/2025,7,control,C2,23.60,1,,,,,,,
27/05/2025,7,control,C2,33.80,1,,,,,,,
27/05/2025,7,control,C2,7.20,1,,,,,,,
27/05/2025,7,control,C2,25.20,1,,,,,,,
27/05/2025,7,control,C2,19.60,1,,,,,,,
27/05/2025,7,control,C2,6.60,1,,,,,,,
27/05/2025,7,control,C2,14.40,1,,,,,,,
27/05/2025,7,control,C2,20.50,1,,,,,,,
27/05/2025,7,control,C2,28.40,1,,,,,,,
27/05/2025,7,control,C2,21.70,1,,,,,,,
27/05/2025,7,control,C2,38.90,1,,,,,,,
27/05/2025,7,control,C2,17.10,1,,,,,,,
27/05/2025,7,control,C2,28.20,1,,,,,,,
27/05/2025,7,control,C2,24.60,1,,,,,,,
27/05/2025,7,control,C2,40.50,1,,,,,,,
27/05/2025,7,control,C2,22.10,1,,,,,,,
27/05/2025,7,control,C2,28.70,1,,,,,,,
27/05/2025,7,control,C2,22.00,1,,,,,,,
27/05/2025,7,control,C2,24.60,1,,,,,,,
27/05/2025,7,control,C2,33.50,1,,,,,,,
27/05/2025,7,control,C2,30.90,1,,,,,,,
27/05/2025,7,control,C2,46.30,1,,,,,,,
27/05/2025,7,control,C2,19.10,1,,,,,,,
27/05/2025,7,control,C2,46.10,1,,,,,,,
27/05/2025,7,control,C2,30.60,1,,,,,,,
27/05/2025,7,control,C2,33.20,1,,,,,,,
27/05/2025,7,control,C2,36.10,1,,,,,,,
27/05/2025,7,control,C2,35.40,1,,,,,,,
27/05/2025,7,control,C2,29.00,1,,,,,,,
27/05/2025,7,control,C2,20.60,1,,,,,,,
27/05/2025,7,control,C2,47.30,1,,,,,,,
27/05/2025,7,control,C2,41.20,1,,,,,,,
27/05/2025,7,control,C2,12.60,1,,,,,,,
27/05/2025,7,control,C2,14.40,1,,,,,,,
27/05/2025,7,control,C2,9.40,1,,,,,,,
27/05/2025,7,control,C2,6.90,1,,,,,,,
27/05/2025,7,control,C2,22.50,1,,,,,,,
27/05/2025,7,control,C2,8.40,1,,,,,,,
27/05/2025,7,control,C2,23.10,1,,,,,,,
27/05/2025,7,control,C2,25.30,1,,,,,,,
27/05/2025,7,control,C2,19.70,1,,,,,,,
27/05/2025,7,control,C2,13.40,1,,,,,,,
27/05/2025,7,control,C2,5.60,1,,,,,,,
27/05/2025,7,control,C2,12.50,1,,,,,,,
27/05/2025,7,control,C2,9.60,1,,,,,,,
27/05/2025,7,control,C2,33.10,1,,,,,,,
27/05/2025,7,control,C2,24.40,1,,,,,,,
27/05/2025,7,control,C2,47.20,1,,,,,,,
27/05/2025,7,control,C2,23.50,1,,,,,,,
27/05/2025,7,control,C2,48.90,1,,,,,,,
27/05/2025,7,control,C2,43.50,1,,,,,,,
27/05/2025,7,control,C2,18.30,1,,,,,,,
27/05/2025,7,control,C2,22.00,1,,,,,,,
27/05/2025,7,control,C2,22.30,1,,,,,,,
27/05/2025,7,control,C2,9.50,1,,,,,,,
27/05/2025,7,control,C2,42.70,1,,,,,,,
27/05/2025,7,control,C2,29.60,1,,,,,,,
27/05/2025,7,control,C2,45.90,1,,,,,,,
27/05/2025,7,control,C2,21.40,1,,,,,,,
27/05/2025,7,control,C2,42.20,1,,,,,,,
27/05/2025,7,control,C2,42.20,1,,,,,,,
27/05/2025,7,control,C2,33.10,1,,,,,,,
27/05/2025,7,control,C2,19.70,1,,,,,,,
27/05/2025,7,control,C2,32.00,1,,,,,,,
27/05/2025,7,control,C2,25.70,1,,,,,,,
27/05/2025,7,control,C2,21.70,1,,,,,,,
27/05/2025,7,control,C2,28.20,1,,,,,,,
27/05/2025,7,control,C2,21.60,1,,,,,,,
27/05/2025,7,control,C2,25.40,1,,,,,,,
27/05/2025,7,control,C2,35.20,1,,,,,,,
27/05/2025,7,control,C2,21.20,1,,,,,,,
27/05/2025,7,control,C2,39.50,1,,,,,,,
27/05/2025,7,control,C2,19.50,1,,,,,,,
27/05/2025,7,control,C2,19.10,1,,,,,,,
27/05/2025,7,control,C3,27.30,1,,,,,,,
27/05/2025,7,control,C3,43.50,1,,,,,,,
27/05/2025,7,control,C3,20.10,1,,,,,,,
27/05/2025,7,control,C3,21.80,1,,,,,,,
27/05/2025,7,control,C3,33.80,1,,,,,,,
27/05/2025,7,control,C3,28.50,1,,,,,,,
27/05/2025,7,control,C3,32.30,1,,,,,,,
27/05/2025,7,control,C3,21.80,1,,,,,,,
27/05/2025,7,control,C3,25.10,1,,,,,,,
27/05/2025,7,control,C3,15.30,1,,,,,,,
27/05/2025,7,control,C3,19.70,1,,,,,,,
27/05/2025,7,control,C3,19.60,1,,,,,,,
27/05/2025,7,control,C3,26.10,1,,,,,,,
27/05/2025,7,control,C3,29.50,1,,,,,,,
27/05/2025,7,control,C3,38.40,1,,,,,,,
27/05/2025,7,control,C3,23.50,1,,,,,,,
27/05/2025,7,control,C3,33.60,1,,,,,,,
27/05/2025,7,control,C3,21.00,1,,,,,,,
27/05/2025,7,control,C3,50.10,1,,,,,,,
27/05/2025,7,control,C3,28.20,1,,,,,,,
27/05/2025,7,control,C3,24.60,1,,,,,,,
27/05/2025,7,control,C3,23.10,1,,,,,,,
27/05/2025,7,control,C3,18.30,1,,,,,,,
27/05/2025,7,control,C3,19.10,1,,,,,,,
27/05/2025,7,control,C3,22.70,1,,,,,,,
27/05/2025,7,control,C3,20.40,1,,,,,,,
27/05/2025,7,control,C3,29.20,1,,,,,,,
27/05/2025,7,control,C3,17.20,1,,,,,,,
27/05/2025,7,control,C3,24.60,1,,,,,,,
27/05/2025,7,control,C3,18.50,1,,,,,,,
27/05/2025,7,control,C3,15.10,1,,,,,,,
27/05/2025,7,control,C3,6.70,1,,,,,,,
27/05/2025,7,control,C3,37.50,1,,,,37.5,,,bacato
27/05/2025,7,control,C3,17.40,1,,,,,,,
27/05/2025,7,control,C3,38.70,1,,,,,,,
27/05/2025,7,control,C3,32.10,1,,,,,,,
27/05/2025,7,control,C3,17.80,1,,,,,,,
27/05/2025,7,control,C3,28.40,1,,,,,,,
27/05/2025,7,control,C3,38.80,1,,,,,,,
27/05/2025,7,control,C3,33.90,1,,,,,,,
27/05/2025,7,control,C3,18.20,1,,,,,,,
27/05/2025,7,control,C3,36.50,1,,,,,,,
27/05/2025,7,control,C3,47.70,1,,,,,,,
27/05/2025,7,control,C3,32.50,1,,,,,,,
27/05/2025,7,control,C3,40.00,1,,,,,,,
27/05/2025,7,control,C3,19.00,1,,,,,,,
27/05/2025,7,control,C3,22.00,1,,,,,,,
27/05/2025,7,control,C3,38.10,1,,,,,,,
27/05/2025,7,control,C3,22.30,1,,,,,,,
27/05/2025,7,control,C3,20.40,1,,,,,,,
27/05/2025,7,control,C3,24.30,1,,,,,,,
27/05/2025,7,control,C3,21.90,1,,,,,,,
27/05/2025,7,control,C3,22.40,1,,,,,,,
27/05/2025,7,control,C3,25.30,1,,,,,,,
27/05/2025,7,control,C3,21.60,1,,,,,,,
27/05/2025,7,control,C3,33.60,1,,,,,,,
27/05/2025,7,control,C3,20.60,1,,,,,,,
27/05/2025,7,control,C3,23.50,1,,,,,,,
27/05/2025,7,control,C3,25.00,1,,,,,,,
27/05/2025,7,control,C3,22.80,1,,,,,,,
27/05/2025,7,control,C3,21.60,1,,,,,,,
27/05/2025,7,control,C3,19.90,1,,,,,,,
27/05/2025,7,control,C3,29.90,1,,,,,,,
27/05/2025,7,control,C3,20.10,1,,,,,,,
27/05/2025,7,control,C3,37.80,1,,,,,,,
27/05/2025,7,control,C3,43.10,1,,,,,,,
27/05/2025,7,control,C3,46.30,1,,,,,,,
27/05/2025,7,control,C3,38.40,1,,,,,,,
27/05/2025,7,control,C3,53.00,1,,,,,,,
27/05/2025,7,control,C3,21.10,1,,,,,,,
27/05/2025,7,control,C3,18.50,1,,,,,,,
27/05/2025,7,control,C3,41.40,1,,,,,,,
27/05/2025,7,control,C3,27.70,1,,,,,,,
27/05/2025,7,control,C3,29.20,1,,,,,,,
27/05/2025,7,control,C3,23.70,1,,,,,,,
27/05/2025,7,control,C3,26.20,1,,,,,,,
27/05/2025,7,control,C3,27.10,1,,,,,,,
27/05/2025,7,control,C3,24.20,1,,,,,,,
27/05/2025,7,control,C3,27.90,1,,,,,,,
27/05/2025,7,control,C3,33.80,1,,,,,,,
30/05/2025,10,shaded,S1,18.20,1,,,,,,,
30/05/2025,10,shaded,S1,17.40,1,,,,,,,
30/05/2025,10,shaded,S1,12.20,1,,,,,,,
30/05/2025,10,shaded,S1,13.60,1,,,,,,,
30/05/2025,10,shaded,S1,18.50,1,,,,,,,
30/05/2025,10,shaded,S1,36.40,1,,,,,,,
30/05/2025,10,shaded,S1,42.50,1,,,,,,,
30/05/2025,10,shaded,S1,15.80,1,,,,,,,
30/05/2025,10,shaded,S1,19.90,1,,,,,,,
30/05/2025,10,shaded,S1,25.40,1,,,,,,,
30/05/2025,10,shaded,S1,14.90,1,,,,,,,
30/05/2025,10,shaded,S1,18.90,1,,,,,,,
30/05/2025,10,shaded,S1,23.30,1,,,,,,,
30/05/2025,10,shaded,S1,16.00,1,,,,,,,
30/05/2025,10,shaded,S1,28.50,1,,,,,,,
30/05/2025,10,shaded,S1,20.20,1,,,,,,,
30/05/2025,10,shaded,S1,34.80,1,,,,,,,
30/05/2025,10,shaded,S1,20.50,1,,,,,,,
30/05/2025,10,shaded,S1,20.60,1,,,,,,,
30/05/2025,10,shaded,S1,22.20,1,,,,,,,
30/05/2025,10,shaded,S1,18.80,1,,,,,,,
30/05/2025,10,shaded,S1,30.50,1,,,,,,,
30/05/2025,10,shaded,S1,20.30,1,,,,,,,
30/05/2025,10,shaded,S1,20.50,1,,,,,,,
30/05/2025,10,shaded,S1,18.30,1,,,,,,,
30/05/2025,10,shaded,S1,15.50,1,,,,,,,
30/05/2025,10,shaded,S1,24.60,1,,,,,,,
30/05/2025,10,shaded,S1,11.80,1,,,,,,,
30/05/2025,10,shaded,S1,23.40,1,,,,,,,
30/05/2025,10,shaded,S1,18.80,1,,,,,,,
30/05/2025,10,shaded,S1,37.40,1,,,,,,,
30/05/2025,10,shaded,S1,20.90,1,,,,,,,
30/05/2025,10,shaded,S1,21.90,1,,,,,,,
30/05/2025,10,shaded,S1,13.10,1,,,,,,,
30/05/2025,10,shaded,S1,15.90,1,,,,,,,
30/05/2025,10,shaded,S1,17.90,1,,,,,,,
30/05/2025,10,shaded,S1,15.00,1,,,,,,,
30/05/2025,10,shaded,S1,22.00,1,,,,,,,
30/05/2025,10,shaded,S1,24.50,1,,,,,,,
30/05/2025,10,shaded,S1,13.20,1,,,,,,,
30/05/2025,10,shaded,S1,18.80,1,,,,,,,
30/05/2025,10,shaded,S1,16.20,1,,,,,,,
30/05/2025,10,shaded,S1,11.90,1,,,,,,,
30/05/2025,10,shaded,S2,26.40,1,,,,,,,
30/05/2025,10,shaded,S2,21.90,1,,,,,,,
30/05/2025,10,shaded,S2,24.70,1,,,,,,,
30/05/2025,10,shaded,S2,33.80,1,,,,,,,
30/05/2025,10,shaded,S2,20.50,1,,,,,,,
30/05/2025,10,shaded,S2,20.90,1,,,,,,,
30/05/2025,10,shaded,S2,18.70,1,,,,,,,
30/05/2025,10,shaded,S2,14.60,1,,,,,,,
30/05/2025,10,shaded,S2,19.80,1,,,,,,,
30/05/2025,10,shaded,S2,24.80,1,,,,,,,
30/05/2025,10,shaded,S2,23.70,1,,,,,,,
30/05/2025,10,shaded,S2,17.60,1,,,,,,,
30/05/2025,10,shaded,S2,22.00,1,,,,,,,
30/05/2025,10,shaded,S2,18.50,1,,,,,,,
30/05/2025,10,shaded,S2,14.10,1,,,,,,,
30/05/2025,10,shaded,S2,17.70,1,,,,,,,
30/05/2025,10,shaded,S2,20.00,1,,,,,,,
30/05/2025,10,shaded,S2,20.50,1,,,,,,,
30/05/2025,10,shaded,S2,14.60,1,,,,,,,
30/05/2025,10,shaded,S2,21.90,1,,,,,,,
30/05/2025,10,shaded,S2,22.30,1,,,,,,,
30/05/2025,10,shaded,S2,25.00,1,,,,,,,
30/05/2025,10,shaded,S2,13.60,1,,,,,,,
30/05/2025,10,shaded,S2,14.70,1,,,,,,,
30/05/2025,10,shaded,S2,11.50,1,,,,,,,
30/05/2025,10,shaded,S2,21.70,1,,,,,,,
30/05/2025,10,shaded,S2,15.00,1,,,,,,,
30/05/2025,10,shaded,S2,20.90,1,,,,,,,
30/05/2025,10,shaded,S2,13.00,1,,,,,,,
30/05/2025,10,shaded,S2,18.30,1,,,,,,,
30/05/2025,10,shaded,S2,18.80,1,,,,,,,
30/05/2025,10,shaded,S2,22.50,1,,,,,,,
30/05/2025,10,shaded,S2,21.60,1,,,,,,,
30/05/2025,10,shaded,S2,17.50,1,,,,,,,
30/05/2025,10,shaded,S2,18.90,1,,,,,,,
30/05/2025,10,shaded,S2,18.40,1,,,,,,,
30/05/2025,10,shaded,S3,12.60,1,,,,,,,
30/05/2025,10,shaded,S3,22.60,1,,,,,,,
30/05/2025,10,shaded,S3,24.40,1,,,,,,,
30/05/2025,10,shaded,S3,20.60,1,,,,,,,
30/05/2025,10,shaded,S3,21.80,1,,,,,,,
30/05/2025,10,shaded,S3,22.40,1,,,,,,,
30/05/2025,10,shaded,S3,29.40,1,,,,,,,
30/05/2025,10,shaded,S3,33.10,1,,,,,,,
30/05/2025,10,shaded,S3,24.30,1,,,,,,,
30/05/2025,10,shaded,S3,25.50,1,,,,,,,
30/05/2025,10,shaded,S3,20.40,1,,,,,,,
30/05/2025,10,shaded,S3,17.60,1,,,,,,,
30/05/2025,10,shaded,S3,10.20,1,,,,,,,
30/05/2025,10,shaded,S3,14.90,1,,,,,,,
30/05/2025,10,shaded,S3,19.70,1,,,,,,,
30/05/2025,10,shaded,S3,43.50,1,,,,,,,
30/05/2025,10,shaded,S3,34.50,1,,,,,,,
30/05/2025,10,shaded,S3,22.50,1,,,,,,,
30/05/2025,10,shaded,S3,21.20,1,,,,,,,
30/05/2025,10,shaded,S3,38.70,1,,,,,,,
30/05/2025,10,shaded,S3,20.40,1,,,,,,,
30/05/2025,10,shaded,S3,37.40,1,,,,,,,
30/05/2025,10,shaded,S3,23.00,1,,,,,,,
30/05/2025,10,shaded,S3,24.90,1,,,,,,,
30/05/2025,10,shaded,S3,19.10,1,,,,,,,
30/05/2025,10,shaded,S3,20.20,1,,,,,,,
30/05/2025,10,shaded,S3,19.70,1,,,,,,,
30/05/2025,10,shaded,S3,15.80,1,,,,,,,
30/05/2025,10,shaded,S3,10.30,1,,,,,,,
30/05/2025,10,shaded,S3,41.20,1,,,,,,,
30/05/2025,10,shaded,S3,24.50,1,,,,,,,
30/05/2025,10,shaded,S3,27.00,1,,,,,,,
30/05/2025,10,shaded,S3,20.20,1,,,,,,,
30/05/2025,10,shaded,S3,24.10,1,,,,,,,
30/05/2025,10,shaded,S3,25.30,1,,,,,,,
30/05/2025,10,shaded,S3,24.10,1,,,,,,,
30/05/2025,10,shaded,S3,20.50,1,,,,,,,
30/05/2025,10,control,C1,30.80,1,,,,,,,
30/05/2025,10,control,C1,18.60,1,,,,,,,
30/05/2025,10,control,C1,17.60,1,,,,,,,
30/05/2025,10,control,C1,15.40,1,,,,,,,
30/05/2025,10,control,C1,14.30,1,,,,,,,
30/05/2025,10,control,C1,12.20,1,,,,,,,
30/05/2025,10,control,C1,26.80,1,,,,,,,
30/05/2025,10,control,C1,16.60,1,,,,,,,
30/05/2025,10,control,C1,21.20,1,,,,,,,
30/05/2025,10,control,C1,20.40,1,,,,,,,
30/05/2025,10,control,C1,9.60,1,,,,,,,
30/05/2025,10,control,C1,15.80,1,,,,,,,
30/05/2025,10,control,C1,17.30,1,,,,,,,
30/05/2025,10,control,C1,16.20,1,,,,,,,
30/05/2025,10,control,C1,23.50,1,,,,,,,
30/05/2025,10,control,C1,14.60,1,,,,,,,
30/05/2025,10,control,C1,14.40,1,,,,,,,
30/05/2025,10,control,C1,10.90,1,,,,,,,
30/05/2025,10,control,C1,23.30,1,,,,,,,
30/05/2025,10,control,C1,18.90,1,,,,,,,
30/05/2025,10,control,C1,20.50,1,,,,,,,
30/05/2025,10,control,C1,22.30,1,,,,,,,
30/05/2025,10,control,C1,19.60,1,,,,,,,
30/05/2025,10,control,C1,9.60,1,,,,,,,
30/05/2025,10,control,C1,12.80,1,,,,,,,
30/05/2025,10,control,C1,15.50,1,,,,,,,
30/05/2025,10,control,C1,22.60,1,,,,,,,
30/05/2025,10,control,C1,20.60,1,,,,,,,
30/05/2025,10,control,C1,18.00,1,,,,,,,
30/05/2025,10,control,C1,20.80,1,,,,,,,
30/05/2025,10,control,C1,21.50,1,,,,,,,
30/05/2025,10,control,C1,24.50,1,,,,,,,
30/05/2025,10,control,C1,21.20,1,,,,,,,
30/05/2025,10,control,C1,17.50,1,,,,,,,
30/05/2025,10,control,C1,11.00,1,,,,,,,
30/05/2025,10,control,C1,18.20,1,,,,,,,
30/05/2025,10,control,C1,15.70,1,,,,,,,
30/05/2025,10,control,C1,14.10,1,,,,,,,
30/05/2025,10,control,C1,14.90,1,,,,,,,
30/05/2025,10,control,C1,17.30,1,,,,,,,
30/05/2025,10,control,C1,17.40,1,,,,,,,
30/05/2025,10,control,C1,16.50,1,,,,,,,
30/05/2025,10,control,C1,14.80,1,,,,,,,
30/05/2025,10,control,C1,16.90,1,,,,,,,
30/05/2025,10,control,C1,12.10,1,,,,,,,
30/05/2025,10,control,C1,14.30,1,,,,,,,
30/05/2025,10,control,C1,23.40,1,,,,,,,
30/05/2025,10,control,C1,15.70,1,,,,,,,
30/05/2025,10,control,C1,15.20,1,,,,,,,
30/05/2025,10,control,C2,36.50,1,,,,,,,
30/05/2025,10,control,C2,19.00,1,,,,,,,
30/05/2025,10,control,C2,19.60,1,,,,,,,
30/05/2025,10,control,C2,23.40,1,,,,,,,
30/05/2025,10,control,C2,16.00,1,,,,,,,
30/05/2025,10,control,C2,12.80,1,,,,,,,
30/05/2025,10,control,C2,7.30,1,,,,,,,
30/05/2025,10,control,C2,25.10,1,,,,,,,
30/05/2025,10,control,C2,16.10,1,,,,,,,
30/05/2025,10,control,C2,18.10,1,,,,,,,
30/05/2025,10,control,C2,9.90,1,,,,,,,
30/05/2025,10,control,C2,23.80,1,,,,,,,
30/05/2025,10,control,C2,21.40,1,,,,,,,
30/05/2025,10,control,C2,19.60,1,,,,,,,
30/05/2025,10,control,C2,13.70,1,,,,,,,
30/05/2025,10,control,C2,18.80,1,,,,,,,
30/05/2025,10,control,C2,8.20,1,,,,,,,
30/05/2025,10,control,C2,22.10,1,,,,,,,
30/05/2025,10,control,C2,27.00,1,,,,,,,
30/05/2025,10,control,C2,18.30,1,,,,,,,
30/05/2025,10,control,C2,12.10,1,,,,,,,
30/05/2025,10,control,C2,17.70,1,,,,,,,
30/05/2025,10,control,C2,16.60,1,,,,,,,
30/05/2025,10,control,C2,12.90,1,,,,,,,
30/05/2025,10,control,C2,19.30,1,,,,,,,
30/05/2025,10,control,C2,16.90,1,,,,,,,
30/05/2025,10,control,C2,19.20,1,,,,,,,
30/05/2025,10,control,C2,7.00,1,,,,,,,
30/05/2025,10,control,C2,16.30,1,,,,,,,
30/05/2025,10,control,C3,15.60,1,,,,,,,
30/05/2025,10,control,C3,22.20,1,,,,,,,
30/05/2025,10,control,C3,21.60,1,,,,,,,
30/05/2025,10,control,C3,13.50,1,,,,,,,
30/05/2025,10,control,C3,23.10,1,,,,,,,
30/05/2025,10,control,C3,20.60,1,,,,,,,
30/05/2025,10,control,C3,15.00,1,,,,,,,
30/05/2025,10,control,C3,22.60,1,,,,,,,
30/05/2025,10,control,C3,34.60,1,,,,,,,
30/05/2025,10,control,C3,35.50,1,,,,,,,
30/05/2025,10,control,C3,20.00,1,,,,,,,
30/05/2025,10,control,C3,18.30,1,,,,,,,
30/05/2025,10,control,C3,16.50,1,,,,,,,
30/05/2025,10,control,C3,16.40,1,,,,,,,
30/05/2025,10,control,C3,28.90,1,,,,,,,
30/05/2025,10,control,C3,17.30,1,,,,,,,
30/05/2025,10,control,C3,27.20,1,,,,,,,
30/05/2025,10,control,C3,17.50,1,,,,,,,
30/05/2025,10,control,C3,17.00,1,,,,,,,
30/05/2025,10,control,C3,6.40,1,,6.4,,,,,frutto caduto non maturo
30/05/2025,10,control,C3,17.60,1,,,,,,,
30/05/2025,10,control,C3,18.20,1,,,,,,,
30/05/2025,10,control,C3,16.50,1,,,,,,,
30/05/2025,10,control,C3,17.50,1,,,,,,,
30/05/2025,10,control,C3,15.50,1,,,,,,,
30/05/2025,10,control,C3,17.00,1,,,,,,,
30/05/2025,10,control,C3,17.50,1,,,,,,,
30/05/2025,10,control,C3,20.90,1,,,,,,,
30/05/2025,10,control,C3,17.20,1,,,,,,,
30/05/2025,10,control,C3,10.40,1,,,,,,,
30/05/2025,10,control,C3,15.00,1,,,,,,,
30/05/2025,10,control,C3,14.40,1,,,,,,,
30/05/2025,10,control,C3,13.70,1,,,,,,,
03/06/2025,14,shaded,S1,15.93,14,223,,,42.8,19.3,,
03/06/2025,14,shaded,S1,12.09,20,241.7,,,,28.6,,
03/06/2025,14,shaded,S1,11.79,19,224.1,,,,,,
03/06/2025,14,shaded,S1,15.87,16,253.9,,,,,,
03/06/2025,14,shaded,S1,13.91,18,250.4,,,,16.5,,
03/06/2025,14,shaded,S1,13.46,14,188.4,,,,,,
03/06/2025,14,shaded,S1,16.79,16,268.6,,,,,,
03/06/2025,14,shaded,S1,18.37,13,238.8,,,,,,
03/06/2025,14,shaded,S2,14.74,8,117.9,,,,,,
03/06/2025,14,shaded,S2,14.91,17,253.4,,,,,,
03/06/2025,14,shaded,S2,14.96,17,254.4,,,,,,
03/06/2025,14,shaded,S2,13.09,15,196.3,,,,9,,
03/06/2025,14,shaded,S2,15.03,14,210.4,,,,44.9,,
03/06/2025,14,shaded,S2,14.32,16,229.1,,,,,,
03/06/2025,14,shaded,S2,13.66,17,232.2,,,,,,
03/06/2025,14,shaded,S3,17.65,11,194.1,,,,,,
03/06/2025,14,shaded,S3,16.67,14,233.4,,,,11,,
03/06/2025,14,shaded,S3,14.76,16,236.2,,,,,,
03/06/2025,14,shaded,S3,16.09,12,193.1,,,,,,
03/06/2025,14,shaded,S3,10.47,19,198.9,,,,12.8,,
03/06/2025,14,shaded,S3,11.86,16,189.7,,,2.4,,,frutto piccolo 2.4g
03/06/2025,14,control,C1,11.94,14,167.2,,,,,,
03/06/2025,14,control,C1,12.27,18,220.8,,,0.9,,,frutto piccolo 0.9
03/06/2025,14,control,C1,13.96,17,237.4,,,,,,
03/06/2025,14,control,C1,15.25,13,198.2,,,,,,
03/06/2025,14,control,C1,16.14,13,209.8,,,,,,
03/06/2025,14,control,C1,16.08,13,209,,,,,,
03/06/2025,14,control,C2,15.08,13,196.1,,,,,,
03/06/2025,14,control,C2,13.11,16,209.8,,,,15,,
03/06/2025,14,control,C2,14.21,15,213.1,,,,,,
03/06/2025,14,control,C2,13.54,17,230.2,,,,,,
03/06/2025,14,control,C2,14.07,16,225.1,,,,,,
03/06/2025,14,control,C2,11.65,19,221.3,,,,,,
03/06/2025,14,control,C3,12.51,15,187.7,,7.8,3.8,,,"deforme 7.8, piccolo 3.8"
03/06/2025,14,control,C3,12.77,18,229.8,,,,,,
03/06/2025,14,control,C3,15.31,16,245,,,,,,
03/06/2025,14,control,C3,12.56,16,201,,,,,,
03/06/2025,14,control,C3,11.46,15,171.9,,,,,,
06/06/2025,17,shaded,S1,11.38,12,136.5,,,,,,
06/06/2025,17,shaded,S1,15.27,14,213.8,,,,,,
06/06/2025,17,shaded,S1,11.10,17,188.7,,,,,,
06/06/2025,17,shaded,S2,16.93,10,169.3,6.9,,,,,6.9G frutto verde
06/06/2025,17,shaded,S2,16.47,13,214.1,,,,,,
06/06/2025,17,shaded,S2,17.07,12,204.8,,,,,,
06/06/2025,17,shaded,S2,12.13,17,206.2,,,,,,
06/06/2025,17,shaded,S2,16.87,12,202.4,,,,,,
06/06/2025,17,shaded,S2,16.47,10,164.7,,,,,,
06/06/2025,17,shaded,S3,14.73,16,235.7,,,,,,
06/06/2025,17,shaded,S3,17.48,13,227.2,,,,,,
06/06/2025,17,shaded,S3,12.16,17,206.7,,,,,,
06/06/2025,17,control,C1,13.67,15,205.1,,,,,,
06/06/2025,17,control,C1,15.79,14,221.1,,,,,,
06/06/2025,17,control,C1,9.91,18,178.4,,,,,,
06/06/2025,17,control,C1,13.67,13,177.7,,,,,,
06/06/2025,17,control,C1,13.37,13,173.8,,,,,,
06/06/2025,17,control,C1,12.61,15,189.1,,,,,,
06/06/2025,17,control,C1,11.35,19,215.7,,,,,,
06/06/2025,17,control,C1,11.00,18,198,,,,,,
06/06/2025,17,control,C2,14.19,14,198.6,,,,,,
06/06/2025,17,control,C2,14.59,16,233.4,,,,,,
06/06/2025,17,control,C2,14.61,13,189.9,,,,,,
06/06/2025,17,control,C2,12.33,12,148,,,,,,
06/06/2025,17,control,C2,14.67,17,249.4,,,,,,
06/06/2025,17,control,C2,14.57,15,218.6,,33.4,,,,33.4 g deforme
06/06/2025,17,control,C2,12.04,16,192.7,,,,,,
06/06/2025,17,control,C2,11.76,16,188.1,,,,,,
06/06/2025,17,control,C3,13.87,15,208,,,,,,
06/06/2025,17,control,C3,11.09,15,166.4,,,,,,
06/06/2025,17,control,C3,13.21,15,198.1,,,,,,
06/06/2025,17,control,C3,12.83,15,192.4,,34.1,,,,34.1 g deforme
06/06/2025,17,control,C3,12.03,14,168.4,,,,,,
10/06/2025,21,shaded,S1,11.96,24,287,,,,31,,
10/06/2025,21,shaded,S1,15.36,17,261.2,,,,55.7,,
10/06/2025,21,shaded,S1,13.57,20,271.4,,,,36.1,,
10/06/2025,21,shaded,S1,14.06,20,281.2,,,,44.9,,
10/06/2025,21,shaded,S1,11.20,23,257.5,,,,54.1,,
10/06/2025,21,shaded,S1,,*,283.4,,,,,,
10/06/2025,21,shaded,S1,10.47,27,282.8,,,,29.1,,
10/06/2025,21,shaded,S1,11.74,24,281.8,,,,46.8,,
10/06/2025,21,shaded,S1,4.23,3,12.7,,,12.7,,,
10/06/2025,21,shaded,S2,15.23,21,319.8,,,,110.2,,
10/06/2025,21,shaded,S2,16.12,17,274.1,,,,23.7,,
10/06/2025,21,shaded,S2,14.16,20,283.2,,,,40.5,,
10/06/2025,21,shaded,S2,17.55,17,298.3,,,,46.4,,
10/06/2025,21,shaded,S2,15.99,17,271.8,,,,104.7,,
10/06/2025,21,shaded,S2,13.64,22,300.1,,,,36.5,,
10/06/2025,21,shaded,S2,11.85,22,260.6,,,,171,,
10/06/2025,21,shaded,S2,12.58,24,301.9,,,,101.6,,
10/06/2025,21,shaded,S2,12.31,15,184.6,,,184.6,,,
10/06/2025,21,shaded,S3,16.90,16,270.4,,,,69.5,,
10/06/2025,21,shaded,S3,13.32,19,253.1,,,,19.3,,
10/06/2025,21,shaded,S3,12.79,21,268.6,,,,41.7,,
10/06/2025,21,shaded,S3,16.52,16,264.3,,,,66.3,,
10/06/2025,21,shaded,S3,14.16,17,240.8,,,,22.8,,
10/06/2025,21,shaded,S3,18.45,15,276.7,,,,32.8,,
10/06/2025,21,shaded,S3,13.25,21,278.2,,,,78.8,,
10/06/2025,21,shaded,S3,13.48,21,283,,,,37.6,,
10/06/2025,21,shaded,S3,9.19,10,91.9,,,91.9,,,
10/06/2025,21,control,C1,10.95,21,230,,,,16.3,,
10/06/2025,21,control,C1,10.49,26,272.8,,,,22.8,,
10/06/2025,21,control,C1,12.43,21,261.1,,,,,,
10/06/2025,21,control,C1,10.49,22,230.8,,,,5.6,,
10/06/2025,21,control,C1,14.76,17,250.9,,,,30.5,,
10/06/2025,21,control,C1,11.85,22,260.7,,,,17.4,,
10/06/2025,21,control,C1,14.29,17,243,,,,,,
10/06/2025,21,control,C1,12.89,21,270.6,,,,,,
10/06/2025,21,control,C1,7.12,6,42.7,,,42.7,,,
10/06/2025,21,control,C2,15.43,19,293.1,,,,46.1,,
10/06/2025,21,control,C2,10.44,26,271.4,,,,94.3,,
10/06/2025,21,control,C2,14.60,22,321.3,,,,13.4,,
10/06/2025,21,control,C2,11.61,29,336.7,,,,85.9,,
10/06/2025,21,control,C2,14.50,21,304.6,,,,10.6,,
10/06/2025,21,control,C2,10.17,24,244,,,,10.8,,
10/06/2025,21,control,C2,15.86,17,269.6,,,,30.3,,
10/06/2025,21,control,C2,11.43,24,274.2,,,,74.9,,
10/06/2025,21,control,C2,9.06,7,63.4,,,63.4,,,
10/06/2025,21,control,C3,10.88,24,261,,,,,,
10/06/2025,21,control,C3,12.11,23,278.5,,,,,,
10/06/2025,21,control,C3,10.83,26,281.6,,,,23.2,,
10/06/2025,21,control,C3,12.77,21,268.1,,,,45.8,,
10/06/2025,21,control,C3,13.64,19,259.1,,,,46.8,,
10/06/2025,21,control,C3,,*,236.6,,,,7.5,,
10/06/2025,21,control,C3,14.32,18,257.8,,,,78.6,,
10/06/2025,21,control,C3,12.77,22,281,,,,39.5,,
10/06/2025,21,control,C3,10.56,12,126.7,,,126.7,,,
13/06/2025,24,shaded,S1,12.66,14,177.3,,,8.7,68.9,,
13/06/2025,24,shaded,S1,13.59,13,176.7,,9.8,9.2,46.5,,
13/06/2025,24,shaded,S1,9.86,19,187.4,,18.5,13.2,,,
13/06/2025,24,shaded,S1,8.81,18,158.5,8.9,28.7,15.3,21,,
13/06/2025,24,shaded,S2,9.98,17,169.6,,,16.7,41,,
13/06/2025,24,shaded,S2,12.27,15,184.1,,,,150.5,,
13/06/2025,24,shaded,S2,11.74,17,199.6,,,13.8,82.3,,
13/06/2025,24,shaded,S2,10.89,19,206.9,,23,9.8,82.1,,
13/06/2025,24,shaded,S2,9.60,23,220.7,8.6,21,32.5,27.8,,
13/06/2025,24,shaded,S3,12.96,17,220.4,,,,86.8,,
13/06/2025,24,shaded,S3,7.43,15,111.4,,,21.3,29.9,,
13/06/2025,24,shaded,S3,9.40,21,197.4,,24.8,33.7,45.3,,
13/06/2025,24,shaded,S3,9.27,19,176.2,0.8,18.5,14.6,46.1,,
13/06/2025,24,shaded,S3,13.74,14,192.3,,10.5,,32.4,,
13/06/2025,24,shaded,S3,11.05,15,165.8,,,37.8,13.4,,
13/06/2025,24,shaded,S3,11.77,18,211.8,,,11,48.5,,
13/06/2025,24,control,C1,8.50,3,25.5,,,25.5,,,
13/06/2025,24,control,C1,8.77,26,227.9,,,22.6,41.1,,
13/06/2025,24,control,C1,8.00,23,184.1,,,27.2,14.4,,
13/06/2025,24,control,C1,6.98,25,174.6,,,61.5,,,
13/06/2025,24,control,C2,7.76,16,124.2,,9.8,18.2,9.3,,
13/06/2025,24,control,C2,13.63,15,204.5,,11.8,4.3,16.4,,
13/06/2025,24,control,C2,8.63,26,224.4,,28.6,43.8,76.8,,
13/06/2025,24,control,C2,4.86,45,218.8,,,218.8,,,
13/06/2025,24,control,C2,10.10,21,212,,,27.7,50.1,,
13/06/2025,24,control,C3,3.16,21,66.3,,,66.3,,,
13/06/2025,24,control,C3,9.35,25,233.8,,14.5,33.2,10.7,,
13/06/2025,24,control,C3,11.92,19,226.4,,0.5,35.2,46.9,,
13/06/2025,24,control,C3,8.36,24,200.6,,,38.9,22.3,,
16/06/2025,27,shaded,S1,10.67,6,64,,,,40.2,,
16/06/2025,27,shaded,S1,8.74,21,183.6,,33,6.9,84.8,,
16/06/2025,27,shaded,S1,8.54,25,213.6,,9,45.7,79.3,,
16/06/2025,27,shaded,S1,9.62,17,163.6,,,36.9,80,,
16/06/2025,27,shaded,S2,7.39,10,73.9,,,,65.4,,
16/06/2025,27,shaded,S2,9.30,10,93,,,7.5,25.2,,
16/06/2025,27,shaded,S2,5.96,20,119.2,,,37.9,42.8,,
16/06/2025,27,shaded,S2,8.37,25,209.2,,,12,101.7,,
16/06/2025,27,shaded,S3,3.76,21,79,,,42.3,36.7,,
16/06/2025,27,shaded,S3,9.79,17,166.5,,,19.9,51,,
16/06/2025,27,shaded,S3,6.90,26,179.5,,7.2,36.1,88.9,,
16/06/2025,27,shaded,S3,7.24,22,159.2,,,49.3,55.8,,
16/06/2025,27,control,C1,7.61,15,114.1,,,21.2,37.6,,
16/06/2025,27,control,C1,7.88,17,133.9,,,31.6,49.5,,
16/06/2025,27,control,C1,5.32,29,154.2,,,34.6,30,,
16/06/2025,27,control,C2,7.31,14,102.4,,,19.4,35.8,,
16/06/2025,27,control,C2,7.46,19,141.7,,5.8,30.7,42.9,,
16/06/2025,27,control,C2,5.24,28,146.7,,,35,69.2,,
16/06/2025,27,control,C3,7.49,13,97.4,,,13.9,31.2,,
16/06/2025,27,control,C3,7.61,16,121.7,,,58.6,19.1,,
16/06/2025,27,control,C3,7.43,23,170.9,,,28.9,61.5,,
16/06/2025,27,control,C3,4.50,22,99,,,54.8,,,
